

INSERT INTO TCENTR (NUMCE, NOMCE, SENAS)
       VALUES (10, 'SEDE CENTRAL', 'C. ALCALA, 820, MADRID');
INSERT INTO TCENTR (NUMCE, NOMCE, SENAS)
       VALUES (20, 'RELACION CON CLIENTES', 'C. ATOCHA, 405, MADRID');
INSERT INTO TCENTR (NUMCE, NOMCE, SENAS)
       VALUES (50, 'ALMACEN', 'C. LAVAPIES, 520, MADRID');

INSERT INTO TDEPTO (NUMDE, NUMCE, DIREC, TIDIR, PRESU, DEPDE, NOMDE)
       VALUES (100,10,260,'P',120000,NULL,'DIRECCION GENERAL');
INSERT INTO TDEPTO (NUMDE, NUMCE, DIREC, TIDIR, PRESU, DEPDE, NOMDE)
       VALUES (110,20,180,'P',150000,100,'DIRECCION COMERCIAL');
INSERT INTO TDEPTO (NUMDE, NUMCE, DIREC, TIDIR, PRESU, DEPDE, NOMDE)
        VALUES (111,20,180,'F',110000,110,'SECTOR INDUSTRIAL');
INSERT INTO TDEPTO (NUMDE, NUMCE, DIREC, TIDIR, PRESU, DEPDE, NOMDE)
        VALUES (112,20,270,'P',90000,110,'SECTOR SERVICIOS');
INSERT INTO TDEPTO (NUMDE, NUMCE, DIREC, TIDIR, PRESU, DEPDE, NOMDE)
        VALUES (120,10,150,'F',30000,100,'ORGANIZACION');
INSERT INTO TDEPTO (NUMDE, NUMCE, DIREC, TIDIR, PRESU, DEPDE, NOMDE)
        VALUES (121,10,150,'P',20000,120,'PERSONAL');
INSERT INTO TDEPTO (NUMDE, NUMCE, DIREC, TIDIR, PRESU, DEPDE, NOMDE)
        VALUES (122,10,350,'P',60000,120,'PROCESO DE DATOS');
INSERT INTO TDEPTO (NUMDE, NUMCE, DIREC, TIDIR, PRESU, DEPDE, NOMDE)
        VALUES (130,10,310,'P',20000,100,'FINANZAS');
INSERT INTO TDEPTO (NUMDE, NUMCE, DIREC, TIDIR, PRESU, DEPDE, NOMDE)
        VALUES (123,10,150,'F',100000,121,'PERSONAL CONTRATADO');

		
		

INSERT INTO TEMPLE (NUMEM, NUMDE, EXTEL, FECNA, FECIN, SALAR, COMIS, NUMHI, NOMEM)
        VALUES (110,121,350, str_to_date('10/11/1949','%d/%m/%Y'),
							 str_to_date('15/02/1970','%d/%m/%Y'),
				3100,NULL,3,'NADAL, RAFAEL');

INSERT INTO TEMPLE (NUMEM, NUMDE, EXTEL, FECNA, FECIN, SALAR, COMIS, NUMHI, NOMEM)
        VALUES (120,112,840, str_to_date('09/06/1955','%d/%m/%Y'),
							  str_to_date('01/10/1988','%d/%m/%Y'),
				3500,1100,1,'MOYA, CARLOS');
INSERT INTO TEMPLE (NUMEM, NUMDE, EXTEL, FECNA, FECIN, SALAR, COMIS, NUMHI, NOMEM)
        VALUES (130,112,810, str_to_date('09/09/1965','%d/%m/%Y'),
							 str_to_date('01/02/1989','%d/%m/%Y'),
				2900,1100,2,'SAINZ, CARLOS');
INSERT INTO TEMPLE (NUMEM, NUMDE, EXTEL, FECNA, FECIN, SALAR, COMIS, NUMHI, NOMEM)
        VALUES (150,121,340, str_to_date('10/08/1950','%d/%m/%Y'),
							 str_to_date('15/01/1968','%d/%m/%Y'),
				4400,NULL,0,'SANZ, ALEJANDRO');
INSERT INTO TEMPLE (NUMEM, NUMDE, EXTEL, FECNA, FECIN, SALAR, COMIS, NUMHI, NOMEM)
        VALUES (160,111,740, str_to_date('09/07/1959','%d/%m/%Y'),
							 str_to_date('11/11/1988','%d/%m/%Y'),
				3100,1100,2,'SANCHEZ, MARTA');
INSERT INTO TEMPLE (NUMEM, NUMDE, EXTEL, FECNA, FECIN, SALAR, COMIS, NUMHI, NOMEM)
        VALUES (180,110,508, str_to_date('18/10/1954','%d/%m/%Y'),
							 str_to_date('18/03/1976','%d/%m/%Y'),
				4800,500,2,'GUERRA, JUAN LUIS');
INSERT INTO TEMPLE (NUMEM, NUMDE, EXTEL, FECNA, FECIN, SALAR, COMIS, NUMHI, NOMEM)
        VALUES (190,121,350, str_to_date('12/05/1952','%d/%m/%Y'),
							 str_to_date('11/02/1982','%d/%m/%Y'),
				3000,NULL,4,'VEGA, PAZ');
INSERT INTO TEMPLE (NUMEM, NUMDE, EXTEL, FECNA, FECIN, SALAR, COMIS, NUMHI, NOMEM)
        VALUES (210,100,200, str_to_date('28/09/1960','%d/%m/%Y'),
							 str_to_date('22/01/1979','%d/%m/%Y'),
				3800,NULL,2,'CONTADOR, ALBERTO');
INSERT INTO TEMPLE (NUMEM, NUMDE, EXTEL, FECNA, FECIN, SALAR, COMIS, NUMHI, NOMEM)
        VALUES (240,111,760, str_to_date('26/02/1962','%d/%m/%Y'),
							 str_to_date('24/02/1986','%d/%m/%Y'),
				2800,1000,3,'GASOL, PAU');
INSERT INTO TEMPLE (NUMEM, NUMDE, EXTEL, FECNA, FECIN, SALAR, COMIS, NUMHI, NOMEM)
        VALUES (250,100,250, str_to_date('27/10/1966','%d/%m/%Y'),
							 str_to_date('01/03/1987','%d/%m/%Y'),
				4500,NULL,0,'ALONSO, FERNANDO');
INSERT INTO TEMPLE (NUMEM, NUMDE, EXTEL, FECNA, FECIN, SALAR, COMIS, NUMHI, NOMEM)
        VALUES (260,100,220, str_to_date('03/12/1963','%d/%m/%Y'),
							 str_to_date('12/07/1988','%d/%m/%Y'),
					7200,NULL,6,'DE LA ROSA, LUIS');
INSERT INTO TEMPLE (NUMEM, NUMDE, EXTEL, FECNA, FECIN, SALAR, COMIS, NUMHI, NOMEM)
        VALUES (270,112,800, str_to_date('21/05/1965','%d/%m/%Y'),
							 str_to_date('10/09/1986','%d/%m/%Y'),
					3800,800,3,'GARCIA, MANUEL');
INSERT INTO TEMPLE (NUMEM, NUMDE, EXTEL, FECNA, FECIN, SALAR, COMIS, NUMHI, NOMEM)
        VALUES (280,130,410, str_to_date('11/01/1968','%d/%m/%Y'),
							 str_to_date('08/10/1991','%d/%m/%Y'),
						2900,NULL,5,'HERRERA, CAROLINA');
INSERT INTO TEMPLE (NUMEM, NUMDE, EXTEL, FECNA, FECIN, SALAR, COMIS, NUMHI, NOMEM)
        VALUES (285,122,620, str_to_date('25/10/1969','%d/%m/%Y'),
							 str_to_date('15/02/1988','%d/%m/%Y'),
					3800,NULL,0,'BOTELLA, ANA');
INSERT INTO TEMPLE (NUMEM, NUMDE, EXTEL, FECNA, FECIN, SALAR, COMIS, NUMHI, NOMEM)
        VALUES (290,120,910, str_to_date('30/11/1967','%d/%m/%Y'),
							 str_to_date('14/02/1988','%d/%m/%Y'),
					2700,NULL,3,'MAZAPAN, SOFIA');
INSERT INTO TEMPLE (NUMEM, NUMDE, EXTEL, FECNA, FECIN, SALAR, COMIS, NUMHI, NOMEM)
        VALUES (310,130,480, str_to_date('21/11/1966','%d/%m/%Y'),
							 str_to_date('15/01/1991','%d/%m/%Y'),
					4200,NULL,0,'BERMUDAS, NURIA');
INSERT INTO TEMPLE (NUMEM, NUMDE, EXTEL, FECNA, FECIN, SALAR, COMIS, NUMHI, NOMEM)
        VALUES (320,122,620, str_to_date('25/12/1977','%d/%m/%Y'),
							 str_to_date('05/02/1998','%d/%m/%Y'),
					4050,NULL,2,'MALLA, AMALIA');
INSERT INTO TEMPLE (NUMEM, NUMDE, EXTEL, FECNA, FECIN, SALAR, COMIS, NUMHI, NOMEM)
        VALUES (330,112,850, str_to_date('19/08/1968','%d/%m/%Y'),
							 str_to_date('01/03/1992','%d/%m/%Y'),
					2800,900,0,'DIEZ, AMELIA');
INSERT INTO TEMPLE (NUMEM, NUMDE, EXTEL, FECNA, FECIN, SALAR, COMIS, NUMHI, NOMEM)
        VALUES (350,122,610, str_to_date('13/04/1969','%d/%m/%Y'),
							 str_to_date('10/09/2004','%d/%m/%Y'),
					4500,NULL,1,'CAMPOS, AURELIO');
INSERT INTO TEMPLE (NUMEM, NUMDE, EXTEL, FECNA, FECIN, SALAR, COMIS, NUMHI, NOMEM)
        VALUES (360,111,750, str_to_date('29/10/1968','%d/%m/%Y'),
							 str_to_date('10/10/1988','%d/%m/%Y'),
					2500,1000,2,'RICA, MARGARITA');
INSERT INTO TEMPLE (NUMEM, NUMDE, EXTEL, FECNA, FECIN, SALAR, COMIS, NUMHI, NOMEM)
        VALUES (370,121,360, str_to_date('22/06/1987','%d/%m/%Y'),
							 str_to_date('20/01/2007','%d/%m/%Y'),
					1900,NULL,1,'BALDUINA, FABIOLA');
INSERT INTO TEMPLE (NUMEM, NUMDE, EXTEL, FECNA, FECIN, SALAR, COMIS, NUMHI, NOMEM)
        VALUES (380,112,880, str_to_date('30/03/1988','%d/%m/%Y'),
							 str_to_date('01/01/2008','%d/%m/%Y'),
					1800,NULL,0,'ABUELA, MICAELA');
INSERT INTO TEMPLE (NUMEM, NUMDE, EXTEL, FECNA, FECIN, SALAR, COMIS, NUMHI, NOMEM)
        VALUES (390,110,500, str_to_date('19/02/1986','%d/%m/%Y'),
							 str_to_date('08/10/2006','%d/%m/%Y'),
					2150,NULL,1,'CRUZ, CELIA');
INSERT INTO TEMPLE (NUMEM, NUMDE, EXTEL, FECNA, FECIN, SALAR, COMIS, NUMHI, NOMEM)
        VALUES (400,111,780, str_to_date('18/08/1989','%d/%m/%Y'),
							 str_to_date('01/11/2007','%d/%m/%Y'),
					1850,NULL,0,'LARA, LUCRECIA');
INSERT INTO TEMPLE (NUMEM, NUMDE, EXTEL, FECNA, FECIN, SALAR, COMIS, NUMHI, NOMEM)
        VALUES (410,122,660, str_to_date('14/07/1988','%d/%m/%Y'),
							 str_to_date('13/10/2008','%d/%m/%Y'),
					1750,NULL,0,'OLOROSA, AZUCENA');
INSERT INTO TEMPLE (NUMEM, NUMDE, EXTEL, FECNA, FECIN, SALAR, COMIS, NUMHI, NOMEM)
        VALUES (420,130,450, str_to_date('22/10/1986','%d/%m/%Y'),
							 str_to_date('19/11/2008','%d/%m/%Y'),
					4000,NULL,0,'FIERRO, CLAUDIA');
INSERT INTO TEMPLE (NUMEM, NUMDE, EXTEL, FECNA, FECIN, SALAR, COMIS, NUMHI, NOMEM)
        VALUES (430,122,650, str_to_date('26/10/1987','%d/%m/%Y'),
							 str_to_date('19/11/2008','%d/%m/%Y'),
					2100,NULL,1,'MORA, VALERIANA');
INSERT INTO TEMPLE (NUMEM, NUMDE, EXTEL, FECNA, FECIN, SALAR, COMIS, NUMHI, NOMEM)
        VALUES (440,111,760, str_to_date('26/09/1986','%d/%m/%Y'),
							 str_to_date('28/02/2006','%d/%m/%Y'),
					2100,1000,0,'DURAN, LIVIA');
INSERT INTO TEMPLE (NUMEM, NUMDE, EXTEL, FECNA, FECIN, SALAR, COMIS, NUMHI, NOMEM)
        VALUES (450,112,880, str_to_date('21/10/1986','%d/%m/%Y'),
							 str_to_date('28/02/2006','%d/%m/%Y'),
					2100,1000,0,'PEREZ, SABINA');
INSERT INTO TEMPLE (NUMEM, NUMDE, EXTEL, FECNA, FECIN, SALAR, COMIS, NUMHI, NOMEM)
        VALUES (480,111,760, str_to_date('04/04/1985','%d/%m/%Y'),
							 str_to_date('28/02/2006','%d/%m/%Y'),
					2100,1000,1,'REDONDA, DIANA');
INSERT INTO TEMPLE (NUMEM, NUMDE, EXTEL, FECNA, FECIN, SALAR, COMIS, NUMHI, NOMEM)
        VALUES (490,112,880, str_to_date('06/06/1984','%d/%m/%Y'),
							 str_to_date('01/01/2008','%d/%m/%Y'),
					1800,1000,0,'TORRES, HORACIO');
INSERT INTO TEMPLE (NUMEM, NUMDE, EXTEL, FECNA, FECIN, SALAR, COMIS, NUMHI, NOMEM)
        VALUES (500,111,750, str_to_date('08/10/1985','%d/%m/%Y'),
							 str_to_date('01/01/2007','%d/%m/%Y'),
					2000,1000,0,'PUENTE, TITO');
INSERT INTO TEMPLE (NUMEM, NUMDE, EXTEL, FECNA, FECIN, SALAR, COMIS, NUMHI, NOMEM)
        VALUES (510,110,550, str_to_date('04/05/1986','%d/%m/%Y'),
							 str_to_date('01/11/2006','%d/%m/%Y'),
					2000,NULL,1,'DOMINGUEZ, JAVIER');
INSERT INTO TEMPLE (NUMEM, NUMDE, EXTEL, FECNA, FECIN, SALAR, COMIS, NUMHI, NOMEM)
        VALUES (550,111,780, str_to_date('10/01/1990','%d/%m/%Y'),
							 str_to_date('21/01/2008','%d/%m/%Y'),
					1000,1200,0,'GARCIA, SANCHO');
