/* ******* FORMULA 1 - 21-04-2013 ***************** */
/* ******* Fichero defTablasF1.sql  ****** */

/*
Define las cuatro tablas básicas de la aplicación:
	TCIRCUITO
	TPILOTO
	TCARRERA
	TCOMPITE
*/
create database formula1;
USE formula1;

DROP TABLE IF EXISTS TCOMPITE;
DROP TABLE IF EXISTS TCARRERA;
DROP TABLE IF EXISTS TCIRCUITO;
DROP TABLE IF EXISTS TPILOTO;

CREATE TABLE TCIRCUITO (
	CODIGO			CHAR(6)		NOT NULL PRIMARY KEY,
	NOMBRE			CHAR(40)	NOT NULL UNIQUE,
	LONGITUD		SMALLINT	NOT NULL ,    /* ** en metros ** */
	SENTIDOGIRO		CHAR (1)	NOT NULL ,
	CURVASIZQDA		TINYINT		NOT NULL ,
	CURVASDCHA 		TINYINT		NOT NULL ,
	LOCALIDAD		CHAR(25) 	NOT NULL ,
	REGION			CHAR(25)	NULL,
	PAIS			CHAR(25) 	NOT NULL
)  ENGINE =INNODB;

CREATE TABLE TPILOTO (
	NOMBRE			CHAR(25) 	NOT NULL PRIMARY KEY ,
	PAIS			CHAR(25) 	NOT NULL,
	FCH_NACIMIENTO	DATE 		NULL
)  ENGINE =INNODB;


CREATE TABLE TCARRERA (
	FECHA			DATE 		 	NOT NULL PRIMARY KEY,
	NOMBRE			CHAR(60)	 	NOT NULL UNIQUE,
	VUELTAS			TINYINT 	 	NULL,
	DISTANCIATOTAL	DECIMAL(8,3) 	NULL,
	CODCIRCUITO		CHAR(6) 		NOT NULL,
	CONSTRAINT fk_tcarrera_tcircuito
		FOREIGN KEY (CODCIRCUITO) REFERENCES TCIRCUITO(CODIGO)
		ON DELETE RESTRICT ON UPDATE CASCADE
)  ENGINE =INNODB;

CREATE TABLE TCOMPITE (
	FECHA			DATE		NOT NULL,
	PUESTOLLEGADA	CHAR(3)		NOT NULL,
	NUMAUTO			TINYINT		NOT NULL,
	NOMBREPILOTO	CHAR(25)	NOT NULL,
	EQUIPO			CHAR(25) 	NOT NULL,
	VUELTAS			TINYINT		NOT NULL,
	TPOCARRERA		CHAR(25) 	NOT NULL,
	PUESTOPARRILLA	TINYINT		NOT NULL,
	PUNTOSCARRERA 	TINYINT		NOT NULL,

	PRIMARY KEY(FECHA, NOMBREPILOTO) ,
	CONSTRAINT fk_tcompite_tcarrera
		FOREIGN KEY (FECHA) REFERENCES TCARRERA (FECHA)
			ON DELETE RESTRICT ON UPDATE CASCADE,
	CONSTRAINT fk_tcompite_tpiloto
		FOREIGN KEY (NOMBREPILOTO) REFERENCES TPILOTO (NOMBRE)
	 		ON DELETE RESTRICT ON UPDATE CASCADE
)  ENGINE =INNODB;

/*********************************************/

/*
Inserta datos en tres tablas de la aplicación, en el siguiente orden:
(CIRCUITOS , CARRERAS -del 2011 al 2013- y PILOTOS)

	TCIRCUITO
	TCARRERA
	TPILOTO

*/


/*
************************* C I R C U I T O S *********************************************************
*/
use formula1;
INSERT INTO TCIRCUITO VALUES
	('ALBPAR', 'ALBERT PARK', 5303,'A', 6, 10, 'MELBOURNE', ' ', 'AUSTRALIA');
INSERT INTO TCIRCUITO VALUES
	('SEPANG',  'CIRCUITO INTERNACIONAL DE SEPANG', 5543,'A', 5, 10, 'SEPANG', 'SELANGOR', 'MALASIA');
INSERT INTO TCIRCUITO VALUES
	('SHANGH','CIRCUITO INTERNACIONAL DE SHANGHAI', 5451,'A', 6, 9,'SHANGAI',' ', 'CHINA');
INSERT INTO TCIRCUITO VALUES
	('BAHRAI','BAHRAIN INTERNATIONAL CIRCUIT', 5412, 'C',6, 9, 'MANAMA', ' ', 'BAREIN' );
INSERT INTO TCIRCUITO VALUES
	('CATALU', 'MONTMELO', 4655, 'A', 7, 9, 'BARCELONA', 'CATALUNA',  'ESPANA');
INSERT INTO TCIRCUITO VALUES
	('MONACO','CIRCUITO DE MONACO', 3340, 'A', 9, 10, 'MONTECARLO', ' ', 'MONACO');
INSERT INTO TCIRCUITO VALUES
	('GILVIL','CIRCUITO GILLES VILLENEUVE', 4361, 'A', 5, 8, 'MONTREAL', ' ', 'CANADA');
INSERT INTO TCIRCUITO VALUES
	('VALENC','CIRCUITO URBANO DE VALENCIA', 5419,'A',12,13,'VALENCIA', ' ', 'ESPANA');
INSERT INTO TCIRCUITO VALUES
	('SILVER','CIRCUITO DE SILVERSTONE',5891,'A', 8,10,	'SILVERSTONE', ' ', 'REINO UNIDO');
INSERT INTO TCIRCUITO VALUES
	('HOCKEN','HOCKENHEIMRING',4574,'A',6, 9, 'HOCKENHEIM', ' ','ALEMANIA');
INSERT INTO TCIRCUITO VALUES
	('HUNGAR', 'HUNGARORING', 4381, 'A',6, 10, 'MOGYOROD',' ','HUNGRIA');
INSERT INTO TCIRCUITO VALUES
	('SPAFRA','CIRCUITO DE SPA-FRANCORCHAMPS', 7004,'A',10, 11,'SPA-FRANCORCHAMPS',' ', 'BELGICA');
INSERT INTO TCIRCUITO VALUES
	('MONZA','AUTODROMO DE MONZA',5793,	'A',5,6,'MONZA','LOMBARDIA','ITALIA');
INSERT INTO TCIRCUITO VALUES
	('SINGAP','MARINA BAY STREET CIRCUIT',5073,'C',14,9,'SINGAPUR',' ','SINGAPUR');
INSERT INTO TCIRCUITO VALUES
	('SUZUKA','CIRCUITO DE SUZUKA',5807,'A',8,10,'SUZUKA','MIE','JAPON');
INSERT INTO TCIRCUITO VALUES
	('KOREA','CIRCUITO INTERNACIONAL DE COREA',	5615,'C',11,7,'YEONGAM','JEOLLA DEL SUR','COREA DEL SUR');
INSERT INTO TCIRCUITO VALUES
	('BUDDH','BUDDH INTERNATIONAL CIRCUIT',5125,'A',7,9,'GREATER NOIDA','UTTAR PRADESH','INDIA');
INSERT INTO TCIRCUITO VALUES
	('YASMAR','CIRCUITO YAS MARINA',5554,'C',12,9,'ISLA YAS','ABU DABI','EMIRATOS ARABES UNIDOS');
INSERT INTO TCIRCUITO VALUES
	('AUSTIN','AUSTIN',5500,'C',11,9,'AUSTIN','TEXAS','ESTADOS UNIDOS');
INSERT INTO TCIRCUITO VALUES
	('JCPACE','AUTODROMO JOSE CARLOS PACE',4309,'C',10,5,'SAO PAULO',' ','BRASIL');
INSERT INTO TCIRCUITO VALUES
	('ESTAMB','CIRCUITO DE ESTAMBUL', 5378,'C', 8, 6, 'ESTAMBUL', ' ', 'TURQUIA' );
/* ******************************************************************************* */
/* ******************************************************************************* */


/*
************************* C A R R E R A S *************************************************************
*/

/* *******************************************    2011                 */
INSERT INTO TCARRERA VALUES
		(str_to_date('27/03/2011','%d/%m/%Y')  ,
			'2011 FORMULA 1 AUSTRALIAN GRAND PRIX', 58, 307.574 ,'ALBPAR'  );
INSERT INTO TCARRERA VALUES
		(str_to_date('10/04/2011','%d/%m/%Y')  ,
			'2011 FORMULA 1 PETRONAS MALAYSIA GRAND PRIX', 56, 310.408,	'SEPANG');
INSERT INTO TCARRERA VALUES
		(str_to_date('17/04/2011','%d/%m/%Y')  ,
			'2011 FORMULA1 UBS CHINESE GRAND PRIX', 56, 305.066, 'SHANGH');
INSERT INTO TCARRERA VALUES
		(str_to_date('08/05/2011','%d/%m/%Y')  ,
			'2011 FORMULA 1 DHL TURKISH GRAND PRIX', 58, 311.924, 'ESTAMB'	);
INSERT INTO TCARRERA VALUES
		( str_to_date('22/05/2011','%d/%m/%Y')  ,
			'FORMULA 1 GRAN PREMIO DE ESPANA SANTANDER 2011', 66 , 307.104, 'CATALU' );
INSERT INTO TCARRERA VALUES
		( str_to_date('29/05/2011','%d/%m/%Y')  ,
			'FORMULA 1 GRAND PRIX DE MONACO 2011', 78, 260.520, 'MONACO' );
INSERT INTO TCARRERA VALUES
		( str_to_date('12/06/2011','%d/%m/%Y')  ,
			'FORMULA 1 GRAND PRIX DU CANADA 2011', 70, 305.270, 'GILVIL' );
INSERT INTO TCARRERA VALUES
		( str_to_date('26/06/2011','%d/%m/%Y')  ,
			'2011 FORMULA1 GRAND PRIX OF EUROPE', 57, 308.883, 'VALENC' );
INSERT INTO TCARRERA VALUES
		( str_to_date('10/07/2011','%d/%m/%Y')  ,
			'2011 FORMULA 1 SANTADER BRITISH GRAND PRIX', 52, 306.227, 'SILVER' );
INSERT INTO TCARRERA VALUES
		( str_to_date('24/07/2011','%d/%m/%Y')  ,
			'FORMULA 1 GROSSER PREIS SANTANDER VON DEUTSCHLAND 2011', 67, 306.458, 'HOCKEN' );
INSERT INTO TCARRERA VALUES
		(str_to_date('31/07/2011','%d/%m/%Y')  ,
			'FORMULA 1 ENI MAGYAR NAGYDIJ 2011', 70, 306.630, 'HUNGAR' );
INSERT INTO TCARRERA VALUES
		(str_to_date('28/08/2011','%d/%m/%Y')  ,
			'2011 FORMULA 1 SHELL BELGIAN GRAND PRIX', 44, 308.052, 'SPAFRA' );
INSERT INTO TCARRERA VALUES
		(str_to_date('11/09/2011','%d/%m/%Y')  ,
			'FORMULA 1 GRAN PREMIO SANTANDER D ITALIA 2011', 53, 306.720, 'MONZA' );
INSERT INTO TCARRERA VALUES
		(str_to_date('25/09/2011','%d/%m/%Y')  ,
			'2011 FORMULA 1 SINGTEL SINGAPORE GRAND PRIX', 61, 309.316, 'SINGAP' );
INSERT INTO TCARRERA VALUES
		(str_to_date('09/10/2011','%d/%m/%Y')  ,
			'2011 FORMULA 1 JAPANESE GRAND PRIX', 53, 307.471, 'SUZUKA' );
INSERT INTO TCARRERA VALUES
		(str_to_date('16/10/2011','%d/%m/%Y')  ,
			'2011 FORMULA 1 KOREAN GRAND PRIX', 55, 308.630, 'KOREA' );
INSERT INTO TCARRERA VALUES
		(str_to_date('30/10/2011','%d/%m/%Y')  ,
			'2011 FORMULA 1 AIRTEL NDIAN GRAND PRIX', 60, 307.249, 'BUDDH' );
INSERT INTO TCARRERA VALUES
		( str_to_date('13/11/2011','%d/%m/%Y')  ,
			'2011 FORMULA 1 ETIHAD AIRWAYS ABU DHABI GRAND PRIX', 55, 305.355, 'YASMAR' );
INSERT INTO TCARRERA VALUES
		( str_to_date('27/11/2011','%d/%m/%Y')  ,
			'FORMULA 1 GRANDE PREMIO DO BRASIL 2011', 71, 305.909, 'JCPACE' );


/* *******************************************    2012                 */
INSERT INTO TCARRERA VALUES
		(str_to_date('18/03/2012','%d/%m/%Y')  ,
			'2012 FORMULA 1 AUSTRALIAN GRAND PRIX', 58, 307.574 ,'ALBPAR'  );
INSERT INTO TCARRERA VALUES
		(str_to_date('25/03/2012','%d/%m/%Y')  ,
			'2012 FORMULA 1 PETRONAS MALAYSIA GRAND PRIX', 56, 310.408,	'SEPANG');
INSERT INTO TCARRERA VALUES
		(str_to_date('15/04/2012','%d/%m/%Y')  ,
			'2012 FORMULA1 UBS CHINESE GRAND PRIX', 56, 305.066, 'SHANGH');
INSERT INTO TCARRERA VALUES
		(str_to_date('22/04/2012','%d/%m/%Y')  ,
			'2012 FORMULA 1 GULF AIR BAHRAIN GRAND PRIX', 57, 308.238, 'BAHRAI'	);
INSERT INTO TCARRERA VALUES
		( str_to_date('13/05/2012','%d/%m/%Y')  ,
			'FORMULA 1 GRAN PREMIO DE ESPANA SANTANDER 2012', 66 , 307.104, 'CATALU' );
INSERT INTO TCARRERA VALUES
		( str_to_date('27/05/2012','%d/%m/%Y')  ,
			'FORMULA 1 GRAND PRIX DE MONACO 2012', 78, 260.520, 'MONACO' );
INSERT INTO TCARRERA VALUES
		( str_to_date('10/06/2012','%d/%m/%Y')  ,
			'FORMULA 1 GRAND PRIX DU CANADA 2012', 70, 305.270, 'GILVIL' );
INSERT INTO TCARRERA VALUES
		( str_to_date('24/06/2012','%d/%m/%Y')  ,
			'2012 FORMULA1 GRAND PRIX OF EUROPE', 57, 308.883, 'VALENC' );
INSERT INTO TCARRERA VALUES
		( str_to_date('08/07/2012','%d/%m/%Y')  ,
			'2012 FORMULA 1 SANTANDER BRITISH GRAND PRIX', 52, 306.227, 'SILVER' );
INSERT INTO TCARRERA VALUES
		( str_to_date('22/07/2012','%d/%m/%Y')  ,
			'FORMULA 1 GROSSER PREIS SANTANDER VON DEUTSCHLAND 2012', 67, 306.458, 'HOCKEN' );
INSERT INTO TCARRERA VALUES
		(str_to_date('29/07/2012','%d/%m/%Y')  ,
			'FORMULA 1 ENI MAGYAR NAGYDIJ 2012', 70, 306.630, 'HUNGAR' );
INSERT INTO TCARRERA VALUES
		(str_to_date('02/09/2012','%d/%m/%Y')  ,
			'2012 FORMULA 1 SHELL BELGIAN GRAND PRIX', 44, 308.052, 'SPAFRA' );
INSERT INTO TCARRERA VALUES
		(str_to_date('09/09/2012','%d/%m/%Y')  ,
			'FORMULA 1 GRAN PREMIO SANTANDER D ITALIA 2012', 53, 306.720, 'MONZA' );
INSERT INTO TCARRERA VALUES
		(str_to_date('23/09/2012','%d/%m/%Y')  ,
			'2012 FORMULA 1 SINGTEL SINGAPORE GRAND PRIX', 61, 309.316, 'SINGAP' );
INSERT INTO TCARRERA VALUES
		(str_to_date('07/10/2012','%d/%m/%Y')  ,
			'2012 FORMULA 1 JAPANESE GRAND PRIX', 53, 307.471, 'SUZUKA' );
INSERT INTO TCARRERA VALUES
		(str_to_date('14/10/2012','%d/%m/%Y')  ,
			'2012 FORMULA 1 KOREAN GRAND PRIX', 55, 308.630, 'KOREA' );
INSERT INTO TCARRERA VALUES
		(str_to_date('28/10/2012','%d/%m/%Y')  ,
			'2012 FORMULA 1 AIRTEL INDIAN GRAND PRIX', 60, 307.249, 'BUDDH' );
INSERT INTO TCARRERA VALUES
		( str_to_date('04/11/2012','%d/%m/%Y')  ,
			'2012 FORMULA 1 ETIHAD AIRWAYS ABU DHABI GRAND PRIX', 55, 305.355, 'YASMAR' );
INSERT INTO TCARRERA VALUES
		( str_to_date('18/11/2012','%d/%m/%Y')  ,
			'2012 FORMULA 1 UNITED STATES GRAND PRIX', 56, 308.405, 'AUSTIN' );
INSERT INTO TCARRERA VALUES
		( str_to_date('25/11/2012','%d/%m/%Y')  ,
			'FORMULA 1 GRANDE PREMIO DO BRASIL 2012', 71, 305.909, 'JCPACE' );

/* *******************************************/
/* *******************************************    2013                 */

INSERT INTO TCARRERA VALUES
		(str_to_date('17/03/2013','%d/%m/%Y')  ,
			'2013 FORMULA 1 ROLEX AUSTRALIAN GRAND PRIX', 58, 307.574 ,'ALBPAR'  );
INSERT INTO TCARRERA VALUES
		(str_to_date('24/03/2013','%d/%m/%Y')  ,
			'2013 FORMULA 1 PETRONAS MALAYSIA GRAND PRIX', 56, 310.408,	'SEPANG');
INSERT INTO TCARRERA VALUES
		(str_to_date('14/04/2013','%d/%m/%Y')  ,
			'2013 FORMULA1 UBS CHINESE GRAND PRIX', 56, 305.066, 'SHANGH');
INSERT INTO TCARRERA VALUES
		(str_to_date('21/04/2013','%d/%m/%Y')  ,
			'2013 FORMULA 1 GULF AIR BAHRAIN GRAND PRIX', 57, 308.238, 'BAHRAI'	);
INSERT INTO TCARRERA VALUES
		( str_to_date('12/05/2013','%d/%m/%Y')  ,
			'FORMULA 1 GRAN PREMIO DE ESPANA 2013', 66 , 307.104, 'CATALU' );
INSERT INTO TCARRERA VALUES
		( str_to_date('26/05/2013','%d/%m/%Y')  ,
			'FORMULA 1 GRAND PRIX DE MONACO 2013', 78, 260.520, 'MONACO' );
INSERT INTO TCARRERA VALUES
		( str_to_date('9/06/2013','%d/%m/%Y')  ,
			'FORMULA 1 GRAND PRIX DU CANADA 2013', 70, 305.270, 'GILVIL' );
INSERT INTO TCARRERA VALUES
		( str_to_date('30/06/2013','%d/%m/%Y')  ,
			'2013 FORMULA 1 BRITISH GRAND PRIX', 52, 306.227, 'SILVER' );
INSERT INTO TCARRERA VALUES
		( str_to_date('07/07/2013','%d/%m/%Y')  ,
			'FORMULA 1 GROSSER PREIS VON DEUTSCHLAND 2013', 67, 306.458, 'HOCKEN' );
INSERT INTO TCARRERA VALUES
		(str_to_date('28/07/2013','%d/%m/%Y')  ,
			'FORMULA 1 MAGYAR NAGYDIJ 2013', 70, 306.630, 'HUNGAR' );
INSERT INTO TCARRERA VALUES
		(str_to_date('25/08/2013','%d/%m/%Y')  ,
			'2013 FORMULA 1 SHELL BELGIAN GRAND PRIX', 44, 308.052, 'SPAFRA' );
INSERT INTO TCARRERA VALUES
		(str_to_date('08/09/2013','%d/%m/%Y')  ,
			'FORMULA 1 GRAN PREMIO D ITALIA 2013', 53, 306.720, 'MONZA' );
INSERT INTO TCARRERA VALUES
		(str_to_date('22/09/2013','%d/%m/%Y')  ,
			'2013 FORMULA 1 SINGAPORE GRAND PRIX', 61, 309.316, 'SINGAP' );
INSERT INTO TCARRERA VALUES
		(str_to_date('06/10/2013','%d/%m/%Y')  ,
			'2013 FORMULA 1 KOREAN GRAND PRIX', 53, 307.471, 'KOREA' );
INSERT INTO TCARRERA VALUES
		(str_to_date('13/10/2013','%d/%m/%Y')  ,
			'2013 FORMULA 1 JAPANESE GRAND PRIX', 53, 307.471, 'SUZUKA' );
INSERT INTO TCARRERA VALUES
		(str_to_date('27/10/2013','%d/%m/%Y')  ,
			'2013 FORMULA 1 AIRTEL INDIAN GRAND PRIX', 60, 307.249, 'BUDDH' );
INSERT INTO TCARRERA VALUES
		( str_to_date('03/11/2013','%d/%m/%Y')  ,
			'2013 FORMULA 1 ETIHAD AIRWAYS ABU DHABI GRAND PRIX', 55, 305.355, 'YASMAR' );
INSERT INTO TCARRERA VALUES
		( str_to_date('17/11/2013','%d/%m/%Y')  ,
			'2013 FORMULA 1 UNITED STATES GRAND PRIX', 56, 308.405, 'AUSTIN' );
INSERT INTO TCARRERA VALUES
		( str_to_date('24/11/2013','%d/%m/%Y')  ,
			'FORMULA 1 GRANDE PREMIO DO BRASIL 2013', 71, 305.909, 'JCPACE' );



/* ******************************************************************************* */
/*
************************* P I L O T O S *********************************************************
*/

INSERT INTO TPILOTO VALUES
		( 'Sebastian Vettel', 'ALEMANIA', str_to_date('3/07/1987','%d/%m/%Y') );
INSERT INTO TPILOTO VALUES
		( 'Jenson Button', 'REINO UNIDO' , str_to_date('19/01/1980','%d/%m/%Y'));
INSERT INTO TPILOTO VALUES
		( 'Mark Webber', 'AUSTRALIA', str_to_date('27/08/1976','%d/%m/%Y'));
INSERT INTO TPILOTO VALUES
		( 'Fernando Alonso', 'ESPANA' , str_to_date('29/07/1981','%d/%m/%Y'));
INSERT INTO TPILOTO VALUES
		( 'Lewis Hamilton', 'REINO UNIDO' , str_to_date('07/01/1985','%d/%m/%Y'));
INSERT INTO TPILOTO VALUES
		( 'Felipe Massa', 'BRASIL' , str_to_date('25/04/1981','%d/%m/%Y'));
INSERT INTO TPILOTO VALUES
		( 'Nico Rosberg', 'ALEMANIA', str_to_date('27/06/1985','%d/%m/%Y') );
INSERT INTO TPILOTO VALUES
		( 'Michael Schumacher', 'ALEMANIA' , str_to_date('03/01/1969','%d/%m/%Y'));
INSERT INTO TPILOTO VALUES
		( 'Adrian Sutil', 'ALEMANIA' , str_to_date('11/01/1983','%d/%m/%Y'));
INSERT INTO TPILOTO VALUES
		( 'Vitaly Petrov', 'RUSIA', str_to_date('08/09/1984','%d/%m/%Y'));
INSERT INTO TPILOTO VALUES
		( 'Nick Heidfeld', 'ALEMANIA', str_to_date('10/05/1977','%d/%m/%Y') );
INSERT INTO TPILOTO VALUES
		( 'Kamui Kobayashi', 'JAPON', str_to_date('13/09/1986','%d/%m/%Y') );
INSERT INTO TPILOTO VALUES
		( 'Paul di Resta', 'REINO UNIDO', str_to_date('16/04/1986','%d/%m/%Y') );
INSERT INTO TPILOTO VALUES
		( 'Jaime Alguersuari', 'ESPANA', str_to_date('23/03/1990','%d/%m/%Y') );
INSERT INTO TPILOTO VALUES
		( 'Sebastien Buemi'	,'SUIZA' , str_to_date('31/10/1988','%d/%m/%Y'));
INSERT INTO TPILOTO VALUES
		( 'Sergio Perez', 'MEJICO', str_to_date('26/01/1990','%d/%m/%Y') );
INSERT INTO TPILOTO VALUES
		( 'Rubens Barrichello'	, 'BRASIL', str_to_date('23/05/1972','%d/%m/%Y') );
INSERT INTO TPILOTO VALUES
		( 'Bruno Senna'	, 'BRASIL' , str_to_date('15/10/1983','%d/%m/%Y'));
INSERT INTO TPILOTO VALUES
		( 'Pastor Maldonado', 'VENEZUELA' , str_to_date('09/03/1985','%d/%m/%Y'));
INSERT INTO TPILOTO VALUES
		( 'Pedro de la Rosa', 'ESPANA' , str_to_date('24/02/1971','%d/%m/%Y'));
INSERT INTO TPILOTO VALUES
		( 'Jarno Trulli','ITALIA', str_to_date('13/07/1974','%d/%m/%Y') );
INSERT INTO TPILOTO VALUES
		( 'Heikki Kovalainen', 'FINLANDIA', str_to_date('19/10/1981','%d/%m/%Y') );
INSERT INTO TPILOTO VALUES
		( 'Vitantonio Liuzzi','ITALIA', str_to_date('06/08/1981','%d/%m/%Y') );
INSERT INTO TPILOTO VALUES
		( 'Jerome d Ambrosio','BELGICA' , str_to_date('27/12/1985','%d/%m/%Y'));
INSERT INTO TPILOTO VALUES
		( 'Timo Glock' , 'ALEMANIA', str_to_date('18/03/1982','%d/%m/%Y') );
INSERT INTO TPILOTO VALUES
		( 'Narain Karthikeyan','INDIA' , str_to_date('14/01/1977','%d/%m/%Y'));
INSERT INTO TPILOTO VALUES
		( 'Daniel Ricciardo', 'AUSTRALIA' , str_to_date('01/07/1989','%d/%m/%Y'));
INSERT INTO TPILOTO VALUES
		( 'Karun Chandhok','INDIA', str_to_date('19/01/1984','%d/%m/%Y') );
INSERT INTO TPILOTO VALUES
		( 'Kimi Raikkonen','FINLANDIA', str_to_date('17/10/1979','%d/%m/%Y') );
INSERT INTO TPILOTO VALUES
		( 'Jean-Eric Vergne','FRANCIA', str_to_date('25/04/1990','%d/%m/%Y') );
INSERT INTO TPILOTO VALUES
		( 'Charles Pic','FRANCIA', str_to_date('15/02/1990','%d/%m/%Y') );
INSERT INTO TPILOTO VALUES
		( 'Romain Grosjean','FRANCIA ', str_to_date('17/04/86','%d/%m/%Y') );
INSERT INTO TPILOTO VALUES
		( 'Nico Hulkenberg','ALEMANIA', str_to_date('19/08/87','%d/%m/%Y') );
INSERT INTO TPILOTO VALUES
		( 'Esteban Gutierrez','MEJICO', str_to_date('05/08/91','%d/%m/%Y') );
INSERT INTO TPILOTO VALUES
		( 'Valtteri Bottas','FINLANDIA', str_to_date('28/08/89','%d/%m/%Y') );
INSERT INTO TPILOTO VALUES
		( 'Jules Bianchi','FRANCIA', str_to_date('03/08/89','%d/%m/%Y') );
INSERT INTO TPILOTO VALUES
		( 'Max Chilton','REINO UNIDO', str_to_date('21/04/91','%d/%m/%Y') );
INSERT INTO TPILOTO VALUES
		( 'Giedo van der Garde','HOLANDA', str_to_date('25/04/85','%d/%m/%Y') );
/* ******************************************************************************* */
